FormID,EditorID
0001CA06,FrozenLifeLondinion
00024FC4,DesertRockyLife06
0002E850,VolcanicWornNoLife07
00037935,HillsLifeTauGourmet
000414BB,HillsLife14
0004E650,HillsNoLifeVenus
0004E681,DesertRockyNoLifeVenus
0007D721,OceanLife09
0007D722,OceanLife08
0007D723,OceanLife07
0007D724,OceanLife06
0007D725,OceanNoLife01
0007E2C5,VolcanicWornNoLife06
0007E2C6,VolcanicWornLife06
0007EF0F,ForestDeciduousLife26
0007F887,OceanLife02
0007F888,OceanLife03
0007F889,OceanLife05
0007F88A,OceanLife04
0007F88B,OceanLife01
0007FFFE,VolcanicWornNoLife05
0007FFFF,VolcanicWornLife05
00080000,VolcanicWornLife04
00080231,VolcanicWornNoLife04
00080232,VolcanicWornNoLife03
00080233,VolcanicWornNoLife02
00084E12,FrozenNoLifeMars
0008A8A4,VolcanicRoughNoLife10
0008A8A5,VolcanicRoughNoLife09
0008A8A6,VolcanicRoughNoLife08
0008A8A7,VolcanicRoughNoLife07
0008AE77,HillsLife13
0008AE7A,VolcanicRoughLife10
0008AE7B,VolcanicRoughLife09
0008DFF9,FrozenLife12
0008DFFA,VolcanicRoughLife05
0008DFFB,VolcanicRoughLife06
0008DFFC,VolcanicRoughLife07
0008DFFD,VolcanicRoughLife08
00094239,OceanNoLifeMethaneFrozen
0009423A,OceanNoLifeMethaneLiquid
0009423B,OceanNoLifeSulfur
00095091,VolcanicRoughLife04
00095092,DesertSandyLife11
00095093,VolcanicRoughNoLife06
00095094,VolcanicRoughNoLife05
00095095,VolcanicRoughNoLife04
00095096,VolcanicRoughNoLife03
00095097,VolcanicRoughNoLife02
000A108C,OceanNoLifeNitrogen
000A86D9,FrozenLife11
000A86DA,MountainsLife05
000A86DB,FrozenNoLife04
000A86DC,CrateredNoLife03
000A86DD,DesertRockyNoLife01
000AA382,VolcanicRoughLife02
000AF3CA,SavannaLife16
000AF3CB,SavannaLife15
000B2630,SavannaLife13
000B2635,SavannaLife14
000B2D7C,FrozenLifeNiira
000B2D7D,HillsLifeNiira
000B2D7E,WetlandsLifeNiira
000C5714,CrateredNoLife13
000C5715,FrozenNoLife11
000C5716,CrateredNoLife12
000C5717,CrateredNoLife11
000C5718,CrateredNoLife10
000C5719,CrateredNoLife09
000C571A,CrateredNoLife08
000C571B,CrateredNoLife07
000D0A64,ArchipelagoLifeErvinsCamp
000D1B7B,MountainsLife12
000D1B7C,MountainsLife11
000D1B7D,MountainsNoLife10
000D1B7E,MountainsNoLife09
000D1B7F,MountainsNoLife12
000D1B80,MountainsNoLife11
000D1B81,MountainsNoLife08
000D1B82,MountainsNoLife07
000D3A1D,MountainsNoLife06
000D3A1E,MountainsNoLife05
000D9BAC,FrozenLifeKreet
000D9BAD,MountainsLife10
000D9BAE,MountainsLife09
000D9BAF,MountainsLife08
000D9BB0,MountainsLife07
000D9BB1,MountainsLife06
000E37D7,DesertRockyLife11
000E37D8,DesertRockyLife10
000E37D9,DesertRockyLife09
000E37DA,DesertRockyLife08
000E37DB,DesertRockyLife07
000E66AE,DesertRockyNoLife10
000E66AF,DesertRockyNoLife09
000E66B0,DesertRockyNoLife08
000E66B1,DesertRockyNoLife07
000E869D,CanyonsNoLife09
000F1169,DesertSandyNoLifeEarth
000F1F0B,ArchipelagoNoLife04
000F1F0C,ArchipelagoNoLife09
000F1F0D,ArchipelagoLife05
000F1F0E,ArchipelagoNoLife05
000F1F0F,ArchipelagoNoLife10
000F1F10,ArchipelagoNoLife08
000F1F11,ArchipelagoNoLife07
000F1F12,ArchipelagoNoLife06
000F1F13,ArchipelagoLife10
000F1F14,ArchipelagoLife09
000F1F15,ArchipelagoLife08
000F1F16,ArchipelagoLife07
000F1F17,ArchipelagoLife06
000F3D3A,FrozenNoLifeTitan
000FC617,FrozenNoLife08
000FC618,FrozenNoLife07
000FC619,FrozenNoLife06
000FC61A,FrozenNoLife05
000FC61B,FrozenNoLife10
000FC61C,FrozenNoLife09
000FC61D,FrozenNoLifeVectera
000FC61E,FrozenNoLife03
000FC61F,FrozenNoLife02
000FC620,FrozenNoLife01
000FD00A,FrozenLife10
000FD00B,FrozenLife09
000FD00C,FrozenLife08
000FD00D,FrozenLife07
000FD00E,FrozenLife06
000FD00F,ArchipelagoLife02
000FD010,ArchipelagoLife03
000FD011,ArchipelagoNoLife01
000FD012,ArchipelagoLife01
000FD013,ArchipelagoNoLife02
000FD014,ArchipelagoNoLife03
000FD015,ArchipelagoLife04
000FD6F5,FrozenLife05
000FD6F6,FrozenLife04
000FD6F7,FrozenLife03
00100515,FrozenNoLifeMasadaIII
00101646,DesertRockyLifeGagarin
0010EC55,HillsLife12
0010EC56,HillsLife11
0010EC57,HillsLife10
0010EC58,HillsLife09
00110D5C,CanyonsNoLife08
00110FCA,ForestTropicalLifeFirstsHideout
00110FCB,ForestTropicalLifeParadiso
00110FCC,CanyonsLife10
0011445C,DesertRockyNoLife06
001160D5,HillsNoLife04
001160D6,HillsNoLife25
001160D7,HillsNoLife24
001160D8,HillsNoLife09
001160D9,HillsNoLife08
001160DA,HillsNoLife07
001160DB,HillsNoLife06
001160DC,HillsNoLife23
001160DD,HillsNoLife22
001160DE,HillsNoLife15
001160DF,HillsNoLife14
001160E0,HillsNoLife13
001160E1,HillsNoLife12
001160E2,HillsNoLife11
001160E3,HillsNoLife10
001160E4,HillsNoLife18
001160E5,HillsNoLife17
001160E6,HillsNoLife16
001160E7,HillsNoLife21
001160E8,HillsNoLife20
001160E9,HillsNoLife19
001160EA,HillsNoLife05
001160EB,HillsNoLife03
001160EC,ForestConiferousLife35
001160ED,ForestConiferousLife34
001160EE,ForestConiferousLife33
001160EF,ForestConiferousLife32
001160F0,ForestConiferousLife31
001160F1,ForestConiferousLife30
001160F2,ForestConiferousLife29
001160F3,ForestConiferousLife28
001160F4,ForestConiferousLife27
001160F5,ForestConiferousLife26
00116476,ForestConiferousLife25
00116477,ForestConiferousLife24
00116478,ForestConiferousLife23
00116479,ForestConiferousLife22
0011647A,ForestConiferousLife21
0011647B,ForestConiferousLife20
0011647C,ForestConiferousLife19
0011647D,ForestConiferousLife18
0011647E,ForestConiferousLife17
00116482,ForestConiferousLife16
00116483,ForestConiferousLife15
00116484,ForestConiferousLife14
001177C4,WetlandsLife08
001177C5,WetlandsLife09
001177C6,WetlandsLife07
001177C7,WetlandsLife10
0011B743,WetlandsLife05
0011B744,WetlandsLife06
0011B745,WetlandsLife04
0011B746,WetlandsLife03
0011BCD2,CanyonsNoLife07
0011BCD3,CanyonsNoLife10
0011F922,ForestDeciduousLife25
0011F923,ForestDeciduousLife24
0011F924,ForestDeciduousLife23
0011F925,ForestDeciduousLife22
0011F926,ForestDeciduousLife21
0011F927,ForestDeciduousLife20
0011F928,ForestDeciduousLife19
0011F929,ForestDeciduousLife18
0011F92A,ForestDeciduousLife17
0011F92B,ForestDeciduousLife16
0011F97E,ForestDeciduousLife15
0011F97F,ForestDeciduousLife14
0011F980,ForestDeciduousLife13
0011F981,ForestDeciduousLife12
0011F982,ForestDeciduousLife11
0011F983,ForestDeciduousLife10
0011F984,ForestDeciduousLife09
0011F985,ForestDeciduousLife08
0011F986,ForestDeciduousLife07
0011F987,ForestDeciduousLife06
0011F988,ForestDeciduousLife05
00120C76,OceanLifeVoliiAlpha
001217BB,ForestTropicalLife25
001217BC,ForestTropicalLife24
001217BD,ForestTropicalLife23
001217BE,ForestTropicalLife22
00124044,FrozenLife02
001297F1,WetlandsLife02
001297F2,WetlandsLife01
0012B463,ForestConiferousLife12
0012B464,ForestConiferousLife11
0012D955,CanyonsLife09
00134B6A,FrozenLife01
00145440,CanyonsNoLife06
00145442,CanyonsLife08
0014544E,CanyonsLife07
0014544F,CanyonsLife06
0014805D,CanyonsLife03
00148061,CanyonsNoLife05
00148062,CanyonsNoLife04
00148063,CanyonsLife05
00148064,CanyonsLife04
0014C016,DesertSandyNoLife10
0014C017,DesertSandyNoLife09
0014C018,DesertSandyNoLife08
0014C019,DesertSandyNoLife07
0014C01A,DesertSandyNoLife06
0014C01B,DesertSandyLife10
0014C1C3,DesertSandyLife09
0014C1D4,DesertSandyLife08
0014C1D5,DesertSandyLife07
0014C1DD,DesertSandyLife06
0017B858,ForestConiferousLife10
0017B859,ForestConiferousLife09
0017B85A,ForestConiferousLife08
0017B85B,ForestConiferousLife07
0017B85C,ForestConiferousLife06
0017B85D,ForestConiferousLife05
0017B861,Gas_Giant_Template
001862BD,CrateredLife06
001862BE,CrateredLife05
001862BF,CrateredNoLife06
001862C0,CrateredNoLife05
00187463,CrateredLife04
00187464,CrateredLife03
001886D0,HillsLife16
001886D2,HillsLife17
001886D3,HillsLife18
0018A899,SavannaLife07
0018A89A,SavannaLife11
0018A89B,SavannaLife12
0018A89C,SavannaLife10
0018A89D,SavannaLife09
0018A89E,SavannaLife08
0018A89F,SavannaLife06
0018A8A0,SavannaLife05
0018E3C8,ForestTropicalLife21
0018E65A,ForestTropicalLife20
0018F249,ForestTropicalLife19
0018FE1A,ForestTropicalLife18
00190131,ForestTropicalLife17
00190132,ForestTropicalLife16
00190133,ForestTropicalLife15
00190134,ForestTropicalLife14
00190135,ForestTropicalLife13
00190136,ForestTropicalLife12
00190137,ForestTropicalLife11
00190B97,ForestTropicalLife10
00190B98,ForestTropicalLife09
00190B99,ForestTropicalLife08
00190B9A,ForestTropicalLife07
0019E808,DesertSandyNoLife05
0019E809,DesertSandyLife05
0019E82A,DesertSandyLife04
001A23C7,DesertSandyNoLife04
001A2F12,DesertSandyNoLife03
001A2F16,DesertSandyLife03
001A540B,DesertRockyNoLife03
001A540D,DesertRockyNoLife05
001A540E,DesertRockyLife04
001A540F,DesertRockyLife05
001A5410,DesertRockyNoLife04
001C068A,FrozenLifeRedMile
001CBD6A,ForestDeciduousLifeJemison
001D1D92,DesertRockyNoLife02
001DDF39,CrateredNoLifeLuna
001DFDD1,MountainsNoLife14
001DFDFB,MountainsNoLife13
001DFDFC,VolcanicWornLife08
001DFDFD,VolcanicWornLife07
001DFDFE,VolcanicWornLife09
001DFDFF,VolcanicWornLife10
001DFE01,VolcanicWornNoLife08
001DFE02,VolcanicWornNoLife09
001DFE03,VolcanicWornNoLife10
001DFE04,MountainsNoLife15
001DFE05,MountainsLife13
001DFE06,MountainsLife14
001DFE07,MountainsLife15
00203E9F,ForestConiferousLife13
00203EA1,SavannaLifeAkila
0020D0F3,ForestTropicalLife06
0020E381,ForestTropicalLife05
0021040C,VolcanicRoughLifeExtreme
0021040D,CrateredLifeExtreme
0021040E,MountainsLifeExtreme
00211529,CanyonsNoLife03
00211C5F,ForestTropicalLife04
00212131,HillsLife07
00212132,HillsLife06
00212941,HillsNoLife02
00214810,HillsLife08
00214968,CanyonsLife02
00214969,HillsLife05
00214F1A,HillsLife04
00215097,HillsLife03
00215098,HillsLife02
00215CC1,CrateredLife02
00215CC2,CrateredNoLife04
00215CC3,CrateredLife01
0021615C,CrateredNoLifeVectera
00216D44,CrateredNoLife02
00216D45,CanyonsNoLife02
00236EA3,ArchipelagoLifeMarcoGraziani
0023C0CE,MountainsLifeKreet
0025D992,CanyonsNoLife01
0025D993,CanyonsLife01
0025F375,ForestTropicalLife03
0025F387,ForestTropicalLife02
0025F48B,HillsNoLife01
0025F48C,HillsLife01
0025F490,CrateredNoLife01
0025FC04,ForestTropicalLife01
002636B9,MountainsLife04
002636BA,MountainsLife03
002636BB,MountainsNoLife04
002636BC,MountainsNoLife03
00263FE4,VolcanicWornLife03
00263FE5,VolcanicWornLife02
00263FE6,VolcanicWornLife01
00263FE7,VolcanicWornNoLife01
00263FE8,ForestDeciduousLife04
0026893C,MountainsNoLife02
0026893D,MountainsNoLife01
0026B3F2,MountainsLife02
0026BB6A,MountainsLife01
00285AF8,VolcanicWornLifeExtreme
00285AF9,CanyonsLifeExtreme
00285AFA,FrozenLifeExtreme
00285AFB,DesertRockyLifeExtreme
00285AFC,HillsLifeExtreme
00285AFD,DesertSandyLifeExtreme
0028791F,FrozenNoLifeEarth
0028ACD0,ForestDeciduousLife02
0028ACD1,ForestDeciduousLife03
00294332,ForestConiferousLife04
00294333,ForestConiferousLife02
00294334,ForestConiferousLife03
0029434E,ForestConiferousLife01
0029B450,SavannaLife02
002A3777,DesertRockyNoLifeMars
002ACD5A,DesertRockyLife01
002ACD5B,DesertSandyLife01
002B6352,SavannaLife03
002C17A5,SavannaLife04
002C9984,VolcanicRoughLife03
002C9985,VolcanicRoughLifeKreet
002C9986,VolcanicRoughLife01
002C998A,VolcanicRoughNoLife01
002C998C,SavannaLife01
002C998D,DesertSandyNoLife02
002C998E,DesertRockyLife03
002CE505,ForestDeciduousLife01
002CE506,DesertSandyLife02
002CE507,DesertSandyNoLife01
002CE508,DesertRockyLife02
002CE509,DesertRockyNoLifeVectera
002DCDD4,DesertSandyLife12
002DEAC4,ForestDeciduousLifePlayerHouse
002E54C9,ArchipelagoLife11
002E57E0,WetlandsNoLife01
002E57E1,WetlandsNoLife02
002E57E2,WetlandsNoLife03
002E57E3,WetlandsNoLife04
002E57E4,WetlandsNoLife05
002E57E5,WetlandsNoLife06
00336CC7,DesertSandyNoLife11
0034980C,HillsLife15
003D673C,HillsLife19
003D673D,HillsLife20
003D673E,HillsLife21
003D673F,HillsLife22
003D6740,HillsLife23
003D6741,HillsLife24
003D6742,HillsLife25
003E3ADD,SavannaLifeMontaraLuna
003E3ADE,SavannaLife17
003E3ADF,SavannaLife18
003E3AE0,SavannaLife19
003E3AE1,SavannaLife20
003E5E43,WetlandsLife11
003EA2FA,CrateredLife09
003EA2FB,CrateredLife10
003EA2FC,CrateredLife07
003EA2FD,CrateredLife08
003FA120,WetlandsLife12
003FA121,WetlandsLife13
