001ED14B,PCM_Al-Battani_Al-Battani-II_Prey01
001ED14A,PCM_Al-Battani_Al-Battani-II_Prey02
001ED149,PCM_Al-Battani_Al-Battani-II_Prey03_Swimmer
001EDF4E,PCM_Algorab_Algorab-III-B_Prey01
001EDF4D,PCM_Algorab_Algorab-III-B_Prey02
001EE891,PCM_Algorab_Algorab-II_Prey01
001EE890,PCM_Algorab_Algorab-II_Prey02
0019AA66,PCM_Alpha-Centauri_Gagarin_Prey01
0019AA65,PCM_Alpha-Centauri_Gagarin_Prey02
0019AA64,PCM_Alpha-Centauri_Gagarin_Prey03
0019E77E,PCM_Alpha-Centauri_Gagarin_Prey04_Swimmer
0019B89C,PCM_Alpha-Centauri_Jemison_Prey01
0019B89B,PCM_Alpha-Centauri_Jemison_Prey02
0019B89A,PCM_Alpha-Centauri_Jemison_Prey03
001A6175,PCM_Alpha-Ternion_Ternion-III_Prey01
001A6174,PCM_Alpha-Ternion_Ternion-III_Prey02
001A6173,PCM_Alpha-Ternion_Ternion-III_Prey03
001A6172,PCM_Alpha-Ternion_Ternion-III_Prey04
001B15AB,PCM_Alpha-Tirna_Tirna-II_Prey01
001B15AA,PCM_Alpha-Tirna_Tirna-II_Prey02
001B15A6,PCM_Alpha-Tirna_Tirna-VIII-C_Prey01
001B15A5,PCM_Alpha-Tirna_Tirna-VIII-C_Prey02
001B159A,PCM_Alpha-Tirna_Tirna-X-A_Prey01
001EFDAE,PCM_AlphaAndraste_AlphaAndrasteIII_Prey01
001EF5EA,PCM_AlphaAndraste_AlphaAndrasteIII_Prey02
001EF5EB,PCM_AlphaAndraste_AlphaAndrasteIII_Prey03
001EF5E9,PCM_AlphaAndraste_AlphaAndrasteIII_Prey04
001ECFD9,PCM_Altair-II_Prey01
001E9BFD,PCM_Andromas_Andromas-III_Prey02
001E9BFC,PCM_Andromas_Andromas-III_Prey03
001EA2AE,PCM_Andromas_Andromas-II_Prey01
001EA2AC,PCM_Andromas_Andromas-II_Prey02
001EA0D7,PCM_Aranae_Aranae-I_Prey01
001E7581,PCM_Archimedes_Archimedes-III_Prey01
001E7580,PCM_Archimedes_Archimedes-III_Prey02
001E757D,PCM_Archimedes_Archimedes-III_Prey03
001E757A,PCM_Archimedes_Archimedes-III_Prey04
001E7E86,PCM_Archimedes_Archimedes-II_Prey01
001E668A,PCM_Arcturus_Arcturus-II_Prey01
001E6689,PCM_Arcturus_Arcturus-II_Prey02
001E4E97,PCM_Bannoc-Prime_Bannoc-Prime-II_Prey01
001E4E96,PCM_Bannoc-Prime_Bannoc-Prime-II_Prey02
001E2871,PCM_Bara_Bara-II-Prey01
001E29A2,PCM_Bara_Bara-III_Prey01
001E29A1,PCM_Bara_Bara-III_Prey02
001E29A0,PCM_Bara_Bara-III_Prey03_Swimmer
001AF641,PCM_Bardeen_Bardeen-III_Prey01
001AF640,PCM_Bardeen_Bardeen-III_Prey02
001AF63F,PCM_Bardeen_Bardeen-III_Prey03
001AF63E,PCM_Bardeen_Bardeen-III_Prey04
0008BDB7,PCM_Bardeen_Bardeen-III_Prey05_Swimmer
001E293D,PCM_Bardeen_Bardeen-V-c_Prey01
001E293B,PCM_Bardeen_Bardeen-V-c_Prey02
001EE896,PCM_Bel_BelII_PreyA
001EE895,PCM_Bel_BelII_PreyB
001EF057,PCM_Bel_BelI_PreyA
001EF056,PCM_Bel_BelI_PreyB
001E46F7,PCM_Beta-Andraste_Beta-Andraste-I-a_Prey01
001AE4E5,PCM_Beta-Marae_Beta-Marae-I_Prey01
001AE4E4,PCM_Beta-Marae_Beta-Marae-I_Prey02
001B30A5,PCM_Beta-Marae_Beta-Marae-I_Prey02INSTANCE_FakeCombat
001AE4E3,PCM_Beta-Marae_Beta-Marae-I_Prey03
001AE4E2,PCM_Beta-Marae_Beta-Marae-I_Prey04
001AE4E1,PCM_Beta-Marae_Beta-Marae-I_Prey05
273718,PCM_Beta-Marae_Beta-Marae-I_Prey06_Flyer
001ED080,PCM_Beta-Marae_Beta-Marae-I_Prey07_Swimmer
001E4F5F,PCM_BetaTernion_BetaTernionIII_PreyA
001E6685,PCM_BetaTernion_BetaTernionII_PreyA
001E6683,PCM_BetaTernion_BetaTernionII_PreyB
001E6682,PCM_BetaTernion_BetaTernionII_PreyC
001E70F0,PCM_BetaTernion_BetaTernionI_PreyA
001E46C6,PCM_Bohr_BohrII_PreyA
001E46C5,PCM_Bohr_BohrII_PreyB
001E468B,PCM_Bolivar_BolivarI_PreyA
001E2AC3,PCM_Bradbury_Bradbury-III_Prey01
001E2AC2,PCM_Bradbury_Bradbury-III_Prey02
001E2809,PCM_Bradbury_Bradbury-IV_Prey01
001E2808,PCM_Bradbury_Bradbury-IV_Prey02
001EE81D,PCM_Celebrai_Celebrai-II_Prey01
001EFFAA,PCM_Celebrai_Celebrai-II_Prey02
001EE81A,PCM_Celebrai_Celebrai-II_Prey03
001EC783,PCM_Charybdis_CharybdisIII_PreyA
001EC782,PCM_Charybdis_CharybdisIII_PreyB
0002B0D3,PCM_Charybdis_CharybdisIII_PreyC_Swimmer
0002E344,PCM_Charybdis_CharybdisII_PreyA
0002E34A,PCM_Charybdis_CharybdisII_PreyB
0002E34B,PCM_Charybdis_CharybdisII_PreyC
0002E34C,PCM_Charybdis_CharybdisII_PreyD
001EC762,PCM_Cheyenne_Codos_PreyA
003D23F0,PCM_Cheyenne_Codos_PreyB
00197D42,PCM_Cheyenne_Montara-Luna_Prey01
00197D41,PCM_Cheyenne_Montara-Luna_Prey02
00197D40,PCM_Cheyenne_Montara-Luna_Prey03
00131CD6,PCM_Cheyenne_Montara-Luna_Prey04_Swimmer
001E7422,PCM_CopernicusMinor_CopernicusMinor_I_a_PreyA
001E7BA7,PCM_Copernicus_CopernicusIII_PreyA
001E7E6F,PCM_Copernicus_CopernicusII_PreyA
001E7E6E,PCM_Copernicus_CopernicusII_PreyB
001ED085,PCM_Copernicus_CopernicusII_PreyC_Swimmer
001E798D,PCM_Copernicus_CopernicusIV_PreyA
001E81A5,PCM_Decaran_Decaran-I_Prey01
001E81A4,PCM_Decaran_Decaran-I_Prey02
001C718B,PCM_Delta-Pavonis_Magnar_Prey01
001C718A,PCM_Delta-Pavonis_Magnar_Prey02
001E3F37,PCM_DeltaVulpes_DeltaVulpesVc_PreyA
001E2996,PCM_Denebola_Denebola_I_b_PreyA
001F7669,PCM_Denebola_Denebola_I_b_PreyB_Swimmer
001E2619,PCM_Enlil_EnlilII_PreyA
001E2618,PCM_Enlil_EnlilII_PreyB
001E2948,PCM_Enlil_Enlil_I_a_PreyA
001E07C0,PCM_Eridani_Eridani-II_PreyA
001E07BF,PCM_Eridani_Eridani-II_PreyB
001E08F5,PCM_Eridani_Eridani-IV_PreyA
00170A2B,PCM_Eta-Cassiopeia_Cassiopeia-I_Prey01
001DF886,PCM_Eta-Cassiopeia_Eta-Cassiopeia-IV-a_Prey01
001DF885,PCM_Eta-Cassiopeia_Eta-Cassiopeia-IV-a_Prey02
001E06E5,PCM_Fermi_Fermi-III_PreyA
001E069F,PCM_Fermi_Fermi-III_PreyB
001F766B,PCM_Fermi_Fermi-III_PreyC_Swimmer
001DF842,PCM_Fermi_Fermi-VII-a_PreyA
001DDAEB,PCM_Feynman_Feynman-III_PreyA
001DDAEA,PCM_Feynman_Feynman-III_PreyB
001DCAEF,PCM_Feynman_Feynman-IV_PreyA
001DF4F7,PCM_Feynman_Feynman-I_PreyA
001DCAEC,PCM_Foucault_Foucault-II_PreyA
0019BD96,PCM_Freya_Freya-III_Prey01
0019BD95,PCM_Freya_Freya-III_Prey02
0019BD94,PCM_Freya_Freya-III_Prey03
0003C4C0,PCM_Freya_Freya-III_Prey04_Swimmer
001D9528,PCM_Freya_Freya-IX-b_PreyA
001D8720,PCM_Gamma-Vulpes_Gamma-Vulpes-II-a_PreyA
001D871F,PCM_Gamma-Vulpes_Gamma-Vulpes-II-a_PreyB
001F7671,PCM_Gamma-Vulpes_Gamma-Vulpes-II-a_PreyC_Swimmer
001D947C,PCM_Gamma-Vulpes_Gamma-Vulpes-I_PreyA
001D947B,PCM_Gamma-Vulpes_Gamma-Vulpes-I_PreyB
001D947A,PCM_Gamma-Vulpes_Gamma-Vulpes-I_PreyC
001F7670,PCM_Gamma-Vulpes_Gamma-Vulpes-I_PreyD_Swimmer
001DE40F,PCM_Groombridge_Groombridge-VIII-a_Prey01
001DE40E,PCM_Groombridge_Groombridge-VIII-a_Prey02
001DC4AC,PCM_Guniibuu_Guniibuu-II_Prey01
001DC4AB,PCM_Guniibuu_Guniibuu-II_Prey02
001DC4AA,PCM_Guniibuu_Guniibuu-II_Prey03
002025D6,PCM_Guniibuu_Guniibuu-II_Prey04_Swimmer
001DBCE5,PCM_Guniibuu_Guniibuu-VI-b_Prey01
001DBCE4,PCM_Guniibuu_Guniibuu-VI-b_Prey02_Swimmer
001AD190,PCM_Hawking_Hawking-I_Prey01
001AD18F,PCM_Hawking_Hawking-I_Prey02
001AD18E,PCM_Hawking_Hawking-I_Prey03
002025D3,PCM_Hawking_Hawking-I_Prey04_Swimmer
001D871B,PCM_Heinlein_Heinlein-IV-b_PreyA
001D8424,PCM_Heinlein_Heinlein-VI-a_Prey01
002025D5,PCM_Heinlein_Heinlein-VI-a_Prey02_Swimmer
001D7BEE,PCM_Heisenberg_Heisenberg-II_PreyA
001D7BED,PCM_Heisenberg_Heisenberg-II_PreyB
002025D8,PCM_Heisenberg_Heisenberg-II_PreyC_Swimmer
001DBAE8,PCM_Huygens_Huygens-III_PreyA
001DBAE7,PCM_Huygens_Huygens-III_PreyB
001DBAE6,PCM_Huygens_Huygens-III_PreyC
001F766E,PCM_Huygens_Huygens-III_PreyD_Swimmer
001D6B7F,PCM_Huygens_Huygens-IV_PreyA
001D6B7E,PCM_Huygens_Huygens-IV_PreyB
001D6B6E,PCM_Huygens_Huygens-VII-b_PreyA
002025D7,PCM_Huygens_Huygens-VII-b_PreyB_Swimmer
001D5A9F,PCM_Hyla_Hyla-II_Prey01
001D5A9E,PCM_Hyla_Hyla-II_Prey02
001D5A9D,PCM_Hyla_Hyla-II_Prey03
001D5A9C,PCM_Hyla_Hyla-II_Prey04_Swimmer
001D07E7,PCM_Indum_Indum-II_Prey01
002025D9,PCM_Indum_Indum-II_Prey02_Swimmer
001D0767,PCM_Ixyll_Ixyll-III-b_Prey01
001D0762,PCM_Ixyll_Ixyll-III-b_Prey02
002025DA,PCM_Ixyll_Ixyll-III-b_Prey03_Swimmer
001D0784,PCM_Ixyll_Ixyll-II_Prey01
001D0783,PCM_Ixyll_Ixyll-II_Prey02
001D0782,PCM_Ixyll_Ixyll-II_Prey03
000EF9A9,PCM_Ixyll_Ixyll-II_Prey04
001D0714,PCM_Jaffa_Jaffa-III_Prey01
001D070C,PCM_Jaffa_Jaffa-III_Prey02
001D0735,PCM_Jaffa_Jaffa-II_Prey01
001D952A,PCM_Kang_Kang-III_Prey01
001D7BC3,PCM_Katydid_Katydid-I-a_Prey01
001D7BC2,PCM_Katydid_Katydid-I-a_Prey02
001D5F38,PCM_Khayyam_Khayyam-II_Prey01
001D5F37,PCM_Khayyam_Khayyam-II_Prey02
001D5F36,PCM_Khayyam_Khayyam-II_Prey03
001D5A2F,PCM_Khayyam_Khayyam-II_Prey04
00157E3B,PCM_Khayyam_Khayyam-II_Prey05_Swimmer
001CBC8B,PCM_Kryx_Neebas_Prey01
001941ED,PCM_Kryx_Suvorov_Prey01
001D5139,PCM_Kumasi_Kumasi-III_Prey01
001D5138,PCM_Kumasi_Kumasi-III_Prey02
001AA110,PCM_Kumasi_Kumasi-II_Prey01
001AA10F,PCM_Kumasi_Kumasi-II_Prey02
001AA10E,PCM_Kumasi_Kumasi-II_Prey03
00157E45,PCM_Kumasi_Kumasi-II_Prey04_Swimmer
00157E40,PCM_Kumasi_Kumasi-I_Prey01
00157E41,PCM_Kumasi_Kumasi-I_Prey02
00157E42,PCM_Kumasi_Kumasi-I_Prey03
00157E43,PCM_Kumasi_Kumasi-I_Prey04_Swimmer
001D50E4,PCM_Lantana_Lantana-III_Prey01
001D50E3,PCM_Lantana_Lantana-III_Prey02
001D3D1E,PCM_Lantana_Lantana-IV_Prey01
001D3020,PCM_Lantana_Lantana-VIII-b_Prey01
001D2FA4,PCM_Leonis_Leonis-III_Prey01
001D2FA3,PCM_Leonis_Leonis-III_Prey02
001D2FA2,PCM_Leonis_Leonis-III_Prey03
001CF573,PCM_Leonis_Leonis-IV_Prey01
001CF18E,PCM_Leonis_Leonis-V_Prey01
001CF18D,PCM_Leonis_Leonis-V_Prey02
001CBCB0,PCM_Leviathan_Leviathan-IV_Prey01_Swimmer
001CBCAF,PCM_Leviathan_Leviathan-IV_Prey02
001CCAEC,PCM_Linnaeus_Linnaeus-II_Prey01
001CCAEB,PCM_Linnaeus_Linnaeus-II_Prey02
001B0047,PCM_Lunara_Vesta_Prey01
001B0046,PCM_Lunara_Vesta_Prey02
001C80FE,PCM_Maal_Maal-IV_Prey01
001C80FD,PCM_Maal_Maal-IV_Prey02
001C7404,PCM_Maal_Maal-V_Prey01
001C7403,PCM_Maal_Maal-V_Prey02
001A9C83,PCM_Marduk_Marduk-IV_Prey01
001A9C82,PCM_Marduk_Marduk-IV_Prey02
001A9C81,PCM_Marduk_Marduk-IV_Prey03
00131CD2,PCM_Marduk_Marduk-IV_Prey04_Swimmer
001B20BA,PCM_Masada_Masada-III_Prey01
001B20B8,PCM_Masada_Masada-III_Prey02
001B20B7,PCM_Masada_Masada-III_Prey03
0006B55D,PCM_Masada_Masada-III_Prey04_Swimmer
001C6942,PCM_McClure_McClure-II_Prey01
001C6941,PCM_McClure_McClure-II_Prey02
001C48EF,PCM_Moloch_Moloch-II_Prey01
001C48EE,PCM_Moloch_Moloch-II_Prey02
001C48ED,PCM_Moloch_Moloch-II_Prey03
00131CD5,PCM_Moloch_Moloch-II_Prey04_Swimmer
001D0708,PCM_Muphrid_Muphrid-IV_Prey01
001D06EF,PCM_Muphrid_Muphrid-IV_Prey02
001D06EE,PCM_Muphrid_Muphrid-IV_Prey03_Swimmer
001D0650,PCM_Muphrid_Muphrid-V-B_Prey01
001D064F,PCM_Muphrid_Muphrid-V-B_Prey02_Swimmer
001F3E88,PCM_Narion_Kreet_GrazerPreyA
196517,PCM_Narion_Niira_Prey01
196516,PCM_Narion_Niira_Prey02
001BAC23,PCM_Narion_Sumati_Prey01
0015BE25,PCM_Narion_Sumati_Prey02
001CB792,PCM_Nemeria_Nemeria-II_Prey01
001CB791,PCM_Nemeria_Nemeria-II_Prey02
001C7E06,PCM_Nemeria_Nemeria-IV-a_Prey01
001C6945,PCM_Newton_Newton-III_Prey01
001C694B,PCM_Newton_Newton-II_Prey01
001C694A,PCM_Newton_Newton-II_Prey02
001C6949,PCM_Newton_Newton-II_Prey03
0019B1FC,PCM_Nirah_Kazaal_Prey01
0019B1FB,PCM_Nirah_Kazaal_Prey02
002025DC,PCM_Nirah_Kazaal_Prey03_Flyer
001933E4,PCM_Nirvana_Nirvana-II_Prey01
001933E3,PCM_Nirvana_Nirvana-II_Prey02
00131CD9,PCM_Nirvana_Nirvana-II_Prey03_Swimmer
001C50E5,PCM_Oborum-Prime_Oborum-I_Prey01
001C50E4,PCM_Oborum-Prime_Oborum-I_Prey02
001C48CD,PCM_Oborum-Prime_Oborum-I_Prey03
00131CDB,PCM_Oborum-Prime_Oborum-I_Prey04_Swimmer
001C7E01,PCM_Olympus_Nesoi_Prey01
001C7E00,PCM_Olympus_Nesoi_Prey02
001C7DFF,PCM_Olympus_Nesoi_Prey03
00131CD7,PCM_Olympus_Nesoi_Prey04_Swimmer
001C48D0,PCM_Piazzi_Piazzi-IV-c_Prey01
00196BB1,PCM_Porrima_Porrima-III_Prey01
00196BB0,PCM_Porrima_Porrima-III_Prey02
194898,PCM_Porrima_Porrima-II_Prey01
194897,PCM_Porrima_Porrima-II_Prey02_Flyer
194896,PCM_Porrima_Porrima-II_Prey03_Swimmer
001C334B,PCM_Porrima_Porrima-IV-c_Prey01
001C2FC4,PCM_Procyon-A_Procyon-III_Prey01
001C2FC3,PCM_Procyon-A_Procyon-III_Prey02
001C2FC2,PCM_Procyon-A_Procyon-III_Prey03
001C9ACB,PCM_Procyon-A_Procyon-III_Prey04_Swimmer
001C2AE2,PCM_Proxima-Ternion_Proxima-Ternion-III_Prey01
001C2AE1,PCM_Proxima-Ternion_Proxima-Ternion-III_Prey02
001A94DE,PCM_Pyraas_Pyraas-II_Prey01
001A94DD,PCM_Pyraas_Pyraas-II_Prey02
001A94DC,PCM_Pyraas_Pyraas-II_Prey03
001C15F4,PCM_Pyraas_Pyraas-VIII-a_Prey01
001C0686,PCM_Rana_Rana-III_Prey01
001C0685,PCM_Rana_Rana-III_Prey02
001C0684,PCM_Rana_Rana-III_Prey03
001C0683,PCM_Rana_Rana-III_Prey04
001C9ACD,PCM_Rana_Rana-III_Prey05_Swimmer
001BFE91,PCM_Rana_Rana-IV_Prey01
001BEE0E,PCM_Rana_Rana-VI-a_Prey01
001BEE0D,PCM_Rana_Rana-VI-a_Prey02
001BEAD3,PCM_Rasalhague_Rasalhague-II_Prey01
001BEAD2,PCM_Rasalhague_Rasalhague-II_Prey02
001B1DE7,PCM_Rutherford_Rutherford-III_Prey01
001B1DE5,PCM_Rutherford_Rutherford-III_Prey02
001B1DE1,PCM_Rutherford_Rutherford-III_Prey03
001A838B,PCM_Schrodinger_Schrodinger-III_Prey01
001A838A,PCM_Schrodinger_Schrodinger-III_Prey02
001A8385,PCM_Schrodinger_Schrodinger-III_Prey03
001C48CB,PCM_Schrodinger_Schrodinger-IV_Prey01
001C3D05,PCM_Schrodinger_Schrodinger-VIII-a_Prey01
001C23FA,PCM_Serpentis_Serpentis-III_Prey01
001C23F9,PCM_Serpentis_Serpentis-III_Prey02
001C23F8,PCM_Serpentis_Serpentis-III_Prey03
001C23FD,PCM_Serpentis_Serpentis-II_Prey01
001A7EB4,PCM_Serpentis_Serpentis-IV_Prey01
001A7EB3,PCM_Serpentis_Serpentis-IV_Prey02
001A7EB2,PCM_Serpentis_Serpentis-IV_Prey03
001A7EB1,PCM_Serpentis_Serpentis-IV_Prey04
001A7EB0,PCM_Serpentis_Serpentis-IV_Prey05
001A7EAF,PCM_Serpentis_Serpentis-IV_Prey06
001A999B,PCM_Shoza_Shoza-III_Prey01
001A999A,PCM_Shoza_Shoza-III_Prey02
001A9999,PCM_Shoza_Shoza-III_Prey03
00221DBD,PCM_Shoza_Shoza-III_Prey04_Swimmer
001A99A4,PCM_Shoza_Shoza-II_Prey01
001A99A3,PCM_Shoza_Shoza-II_Prey02
001A99A2,PCM_Shoza_Shoza-II_Prey03
001C0F2E,PCM_Shoza_Shoza-IV_Prey01
001C0F2B,PCM_Sparta_Sparta-III_Prey01
001BB95F,PCM_Sparta_Sparta-IV_Prey01
001BB95E,PCM_Sparta_Sparta-IV_Prey02
00221DBE,PCM_Sparta_Sparta-IV_Prey03_Swimmer
001A634B,PCM_Strix_Strix-I_Prey01
001A6349,PCM_Strix_Strix-I_Prey03
001B70D9,PCM_Syrma_Syrma-III_Prey01
001B70D6,PCM_Syrma_Syrma-IV_Prey01
00221DBF,PCM_Syrma_Syrma-IV_Prey02_Swimmer
001B4E76,PCM_Syrma_Syrma-VII-A_Prey01
00221DC1,PCM_Syrma_Syrma-VII-A_Prey02_Swimmer
0019CDA4,PCM_Tau-Ceti_Tau-Ceti-II_Prey01
0019CDA3,PCM_Tau-Ceti_Tau-Ceti-II_Prey02
001B4C06,PCM_Tau-Ceti_Tau-Ceti-VIII-B_Prey01
001B4C05,PCM_Tau-Ceti_Tau-Ceti-VIII-B_Prey02
001B15A1,PCM_Tidacha_Tidacha-I_Prey01
001B15A0,PCM_Tidacha_Tidacha-I_Prey02
001933DE,PCM_Toliman_Toliman-II_Prey01
001933DD,PCM_Toliman_Toliman-II_Prey02
000285D6,PCM_Toliman_Toliman-II_Prey03
001A9041,PCM_Ursae-Majoris_Ursa-Major-II_Prey01
001A9040,PCM_Ursae-Majoris_Ursa-Major-II_Prey02
001A903F,PCM_Ursae-Majoris_Ursa-Major-II_Prey03
001B064F,PCM_Ursae-Minoris_Ursa-Minor-II_Prey01
001B064E,PCM_Ursae-Minoris_Ursa-Minor-II_Prey02
195356,PCM_Valo_Polvo_Prey01
195355,PCM_Valo_Polvo_Prey02
195354,PCM_Valo_Polvo_Prey03
00131CDD,PCM_Valo_Polvo_Prey04_Swimmer
001B0647,PCM_Vega_Vega-II-C_Prey01
001B0646,PCM_Vega_Vega-II-C_Prey02
001B0350,PCM_Verne_Verne-II_Prey01
001B034F,PCM_Verne_Verne-II_Prey02
00221DC8,PCM_Verne_Verne-II_Prey03_Swimmer
194835,PCM_Volii_Volii-Alpha_Prey01_Chasmbass
001B003A,PCM_Volii_Volii-Epsilon_Prey01
001A903B,PCM_Xi-Ophiuchi_Xi-Ophiuchi-VIII-b_Prey01
00221DCB,PCM_Xi-Ophiuchi_Xi-Ophiuchi-VIII-b_Prey02_Swimmer
001A8FCC,PCM_Zelazny_Zelazny-III_Prey01
001A8FCB,PCM_Zelazny_Zelazny-III_Prey02
001A8FCA,PCM_Zelazny_Zelazny-III_Prey03
001A8FC9,PCM_Zelazny_Zelazny-III_Prey04
00131CD4,PCM_Zelazny_Zelazny-III_Prey05_Swimmer
001A7674,PCM_Zelazny_Zelazny-II_Prey01
001A7673,PCM_Zelazny_Zelazny-II_Prey02
001A7672,PCM_Zelazny_Zelazny-II_Prey03
001A7671,PCM_Zelazny_Zelazny-II_Prey04
001A7F7B,PCM_Zeta-Ophiuchi_Zeta-Ophiuchi-I_Prey01
001A7F7A,PCM_Zeta-Ophiuchi_Zeta-Ophiuchi-I_Prey02
001A7F79,PCM_Zeta-Ophiuchi_Zeta-Ophiuchi-I_Prey03
00221DCD,PCM_Zeta-Ophiuchi_Zeta-Ophiuchi-I_Prey04_Swimmer
001B0653,PCM_Zeta-Ophiuchi_Zeta-Ophiuchi-VI-a_Prey01
001B051B,PCM_Zosma_Zosma-V-a_Prey01
001B051A,PCM_Zosma_Zosma-V-a_Prey02
