001ED14F,PCM_Al-Battani_Al-Battani-II_Critter01
001ED14E,PCM_Al-Battani_Al-Battani-II_Critter02
001EDF4B,PCM_Algorab_Algorab-III-B_Critter01
001EDF4C,PCM_Algorab_Algorab-III-B_Critter02
001EE88F,PCM_Algorab_Algorab-II_Critter01
001EE88E,PCM_Algorab_Algorab-II_Critter02
0019AA63,PCM_Alpha-Centauri_Gagarin_Critter01
0019B899,PCM_Alpha-Centauri_Jemison_Critter01
0019B898,PCM_Alpha-Centauri_Jemison_Critter02
001EA39E,PCM_Alpha-Marae_Alpha-Marae-I_Critter01
001EA39D,PCM_Alpha-Marae_Alpha-Marae-I_Critter02
001A6171,PCM_Alpha-Ternion_Ternion-III_Critter01
001A6170,PCM_Alpha-Ternion_Ternion-III_Critter02
001B15A9,PCM_Alpha-Tirna_Tirna-II_Critter01
001B15A8,PCM_Alpha-Tirna_Tirna-II_Critter02
001B15A4,PCM_Alpha-Tirna_Tirna-VIII-C_Critter01
001EEEC2,PCM_AlphaAndraste_AlphaAndrasteIII_Critter01
001EEEC1,PCM_AlphaAndraste_AlphaAndrasteIII_Critter02
001EEEC0,PCM_AlphaAndraste_AlphaAndrasteIII_Critter03
001ECFD8,PCM_Altair-II_Critter01
00025A9D,PCM_Altair-II_Critter02
001E9BFE,PCM_Andromas_Andromas-III_Critter01
001EA2AB,PCM_Andromas_Andromas-II_Critter01
001E757C,PCM_Archimedes_Archimedes-III_Critter01
001E757B,PCM_Archimedes_Archimedes-III_Critter02
23535,PCM_Archimedes_Archimedes-III_Critter03_Flyer
001E7E85,PCM_Archimedes_Archimedes-II_Critter01
001E7100,PCM_Archimedes_Archimedes-V-a_Critter01
001E6688,PCM_Arcturus_Arcturus-II_Critter01
001E4E95,PCM_Bannoc-Prime_Bannoc-Prime-II_Critter01
23536,PCM_Bannoc-Prime_Bannoc-Prime-II_Critter02_Floater
001E299F,PCM_Bara_Bara-III_Critter01
001E299E,PCM_Bara_Bara-III_Critter02
0002353B,PCM_Bara_Bara-III_Critter03_Flyer
001AF63D,PCM_Bardeen_Bardeen-III_Critter01
001AF63C,PCM_Bardeen_Bardeen-III_Critter02
0008BDB6,PCM_Bardeen_Bardeen-III_Critter03_Flyer
001E293C,PCM_Bardeen_Bardeen-V-c_Critter01
001EE894,PCM_Bel_BelII_CritterA
001EE893,PCM_Bel_BelII_CritterB
001EF054,PCM_Bel_BelI_CritterA
001EF055,PCM_Bel_BelI_CritterB
001EF053,PCM_Bel_BelI_CritterC
001AE4E0,PCM_Beta-Marae_Beta-Marae-I_Critter01
001AE4DF,PCM_Beta-Marae_Beta-Marae-I_Critter02
001E4F5E,PCM_BetaTernion_BetaTernionIII_CritterA
001E4F5D,PCM_BetaTernion_BetaTernionIII_CritterB
001E6681,PCM_BetaTernion_BetaTernionII_CritterA
001E6680,PCM_BetaTernion_BetaTernionII_CritterB
001ED081,PCM_BetaTernion_BetaTernionII_CritterC_Flyer
001E70EF,PCM_BetaTernion_BetaTernionI_CritterA
001E46C4,PCM_Bohr_BohrII_CritterA
001E46C3,PCM_Bohr_BohrII_CritterB
001ED082,PCM_Bohr_BohrII_CritterC_Flyer
001E468A,PCM_Bolivar_BolivarI_CritterA
001ED083,PCM_Bradbury_Bradbury-III_Critter01_Floater
001E2807,PCM_Bradbury_Bradbury-IV_Critter01
001EE5B1,PCM_Celebrai_Celebrai-II_Critter01
001EE4DC,PCM_Celebrai_Celebrai-II_Critter02
001EE4D5,PCM_Celebrai_Celebrai-II_Critter03
003CB238,PCM_Celebrai_Celebrai-II_Critter04_Flyer
001EC787,PCM_Charybdis_CharybdisIII_CritterA
001ED084,PCM_Charybdis_CharybdisIII_CritterB_Flyer
0002E342,PCM_Charybdis_CharybdisII_CritterA
0002E345,PCM_Charybdis_CharybdisII_CritterB
0002E346,PCM_Charybdis_CharybdisII_CritterC
0023CB02,PCM_Cheyenne_Akila_Ashta
0037CE29,PCM_Cheyenne_Akila_Ashta_Alpha
0023CAFD,PCM_Cheyenne_Akila_BaleenRotifer
0023CAE2,PCM_Cheyenne_Akila_Buzzrunner
0023CAF1,PCM_Cheyenne_Akila_CrawlingEurypterid
0023CAE5,PCM_Cheyenne_Akila_Dropsalm
0023CB03,PCM_Cheyenne_Akila_ElkCrangon
0023CAE3,PCM_Cheyenne_Akila_FlyingLeech
0023CAE6,PCM_Cheyenne_Akila_GrazingEnsifer
0023CAE8,PCM_Cheyenne_Akila_Mossgnath
0023CAF9,PCM_Cheyenne_Akila_RainbowAgnathan
001EC761,PCM_Cheyenne_Codos_CritterA
00197D3F,PCM_Cheyenne_Montara-Luna_Critter01
001E7421,PCM_CopernicusMinor_CopernicusMinor_I_a_CritterA
001E7BA6,PCM_Copernicus_CopernicusIII_CritterA
001E7E6D,PCM_Copernicus_CopernicusII_CritterA
001E7E6C,PCM_Copernicus_CopernicusII_CritterB
001E798C,PCM_Copernicus_CopernicusIV_CritterA
001ED086,PCM_Copernicus_CopernicusIV_CritterB_Floater
001E81A3,PCM_Decaran_Decaran-I_Critter01
001C7188,PCM_Delta-Pavonis_Magnar_Critter01
001E3F36,PCM_DeltaVulpes_DeltaVulpesVc_CritterA
001E2979,PCM_Denebola_Denebola_I_b_CritterA
001F7668,PCM_Denebola_Denebola_I_b_CritterB_Floater
001E2615,PCM_Enlil_EnlilII_CritterA
001E2614,PCM_Enlil_EnlilII_CritterB
001E292B,PCM_Enlil_Enlil_I_a_CritterA
001E07BE,PCM_Eridani_Eridani-II_CritterA
001E07BD,PCM_Eridani_Eridani-II_CritterB
001F766A,PCM_Eridani_Eridani-II_CritterC_Flyer
001E08F4,PCM_Eridani_Eridani-IV_CritterA
001EB5DF,PCM_Eridani_III_Crawler
001EB65D,PCM_Eridani_III_HerdLurker
001EB631,PCM_Eridani_III_Hunter
001EB5E0,PCM_Eridani_III_PackCharger
001EB5DE,PCM_Eridani_III_Skimmer
001EB65C,PCM_Eridani_III_StalkerLantern
00179DC4,PCM_Eta-Cassiopeia_Cassiopeia-I_Critter01
001791AF,PCM_Eta-Cassiopeia_Cassiopeia-I_Critter02
001DF884,PCM_Eta-Cassiopeia_Eta-Cassiopeia-IV-a_Critter01
001E064F,PCM_Fermi_Fermi-III_CritterA
001E064C,PCM_Fermi_Fermi-III_CritterB
001F766C,PCM_Fermi_Fermi-III_CritterC_Flyer
001DF841,PCM_Fermi_Fermi-VII-a_CritterA
001DDAE9,PCM_Feynman_Feynman-III_CritterA
001DDAE8,PCM_Feynman_Feynman-III_CritterB
001F766D,PCM_Feynman_Feynman-III_CritterC_Floater
001DCAEE,PCM_Feynman_Feynman-IV_CritterA
001DF4F6,PCM_Feynman_Feynman-I_CritterA
001DCAEB,PCM_Foucault_Foucault-II_CritterA
0019BD93,PCM_Freya_Freya-III_Critter01
001D9527,PCM_Freya_Freya-IX-b_CritterA
001D871E,PCM_Gamma-Vulpes_Gamma-Vulpes-II-a_CritterA
001D871D,PCM_Gamma-Vulpes_Gamma-Vulpes-II-a_CritterB
001D9479,PCM_Gamma-Vulpes_Gamma-Vulpes-I_CritterA
001D9478,PCM_Gamma-Vulpes_Gamma-Vulpes-I_CritterB
001DE40D,PCM_Groombridge_Groombridge-VIII-a_Critter01
003CB235,PCM_Groombridge_Groombridge-VIII-a_Critter02_Flyer
001DC4A9,PCM_Guniibuu_Guniibuu-II_Critter01
001DC4A8,PCM_Guniibuu_Guniibuu-II_Critter02
001DBCE3,PCM_Guniibuu_Guniibuu-VI-b_Critter01
001AD18D,PCM_Hawking_Hawking-I_Critter01
001AD18C,PCM_Hawking_Hawking-I_Critter02
001D871A,PCM_Heinlein_Heinlein-IV-b_CritterA
001D8423,PCM_Heinlein_Heinlein-VI-a_Critter01
003CB236,PCM_Heinlein_Heinlein-VI-a_Critter02_Flyer
001D7BEC,PCM_Heisenberg_Heisenberg-II_CritterA
001D7BEB,PCM_Heisenberg_Heisenberg-II_CritterB
001DBAE5,PCM_Huygens_Huygens-III_CritterA
001DBAE4,PCM_Huygens_Huygens-III_CritterB
001F766F,PCM_Huygens_Huygens-III_CritterC_Floater
001D6B7D,PCM_Huygens_Huygens-IV_CritterA
001D6B6D,PCM_Huygens_Huygens-VII-b_CritterA
001D5A9B,PCM_Hyla_Hyla-II_Critter01
001D5A9A,PCM_Hyla_Hyla-II_Critter02
001D07E6,PCM_Indum_Indum-II_Critter01
001D0758,PCM_Ixyll_Ixyll-III-b_Critter01
001D074F,PCM_Ixyll_Ixyll-III-b_Critter02
001D0781,PCM_Ixyll_Ixyll-II_Critter01
001D0780,PCM_Ixyll_Ixyll-II_Critter02
001D070B,PCM_Jaffa_Jaffa-III_Critter01
001D0734,PCM_Jaffa_Jaffa-II_Critter01
002025DB,PCM_Jaffa_Jaffa-II_Critter02_Flyer
002025E1,PCM_Kang_Kang-III_Critter01_Flyer
001D7BC0,PCM_Kang_Kang-VIII-c_Critter01
001D7BC1,PCM_Katydid_Katydid-I-a_Critter01
00157E3C,PCM_Khayyam_Khayyam-II_Critter01_Floater
001CBC8A,PCM_Kryx_Neebas_Critter01
187114,PCM_Kryx_Neebas_Critter02_Floater
001D5137,PCM_Kumasi_Kumasi-III_Critter01
001AD03E,PCM_Kumasi_Kumasi-II_Critter01
001AD03D,PCM_Kumasi_Kumasi-II_Critter02
00157E44,PCM_Kumasi_Kumasi-II_Critter03_Flyer
000065E2,PCM_Kumasi_Kumasi-I_Critter01
000065E6,PCM_Kumasi_Kumasi-I_Critter_02_Flyer
001D50E1,PCM_Lantana_Lantana-III_Critter01
001D3D1D,PCM_Lantana_Lantana-IV_Critter01
001D301F,PCM_Lantana_Lantana-VIII-b_Critter01
001D2FA1,PCM_Leonis_Leonis-III_Critter01
001D2FA0,PCM_Leonis_Leonis-III_Critter02
001CF572,PCM_Leonis_Leonis-IV_Critter01
287159,PCM_Leonis_Leonis-VIII-a_Critter01
001CF18C,PCM_Leonis_Leonis-V_Critter01
001CBCAE,PCM_Leviathan_Leviathan-IV_Critter01
001CBCAD,PCM_Leviathan_Leviathan-IV_Critter02
001CCAEA,PCM_Linnaeus_Linnaeus-II_Critter01
001B0045,PCM_Lunara_Vesta_Critter01
001B0044,PCM_Lunara_Vesta_Critter02
00221DC9,PCM_Lunara_Vesta_Critter03_Floater
001C80FC,PCM_Maal_Maal-IV_Critter01
001C801D,PCM_Maal_Maal-IX-b_Critter01
001C7402,PCM_Maal_Maal-V_Critter01
001A9C80,PCM_Marduk_Marduk-IV_Critter01
001A9C7F,PCM_Marduk_Marduk-IV_Critter02
001B20B6,PCM_Masada_Masada-III_Critter01
001C6940,PCM_McClure_McClure-II_Critter01
001C48EC,PCM_Moloch_Moloch-II_Critter01
001C48EB,PCM_Moloch_Moloch-II_Critter02_Floater
001C48EA,PCM_Moloch_Moloch-II_Critter03
001D065F,PCM_Muphrid_Muphrid-IV_Critter01
001D065E,PCM_Muphrid_Muphrid-IV_Critter02
001D064E,PCM_Muphrid_Muphrid-V-B_Critter01
001EB7E2,PCM_Narion_Kreet_Critter
001BAC22,PCM_Narion_Sumati_Critter01
001CB790,PCM_Nemeria_Nemeria-II_Critter01
001C7E05,PCM_Nemeria_Nemeria-IV-a_Critter01
001C6944,PCM_Newton_Newton-III_Critter01
001C6948,PCM_Newton_Newton-II_Critter01
001C6947,PCM_Newton_Newton-II_Critter02
0019B1FA,PCM_Nirah_Kazaal_Critter01
001933E2,PCM_Nirvana_Nirvana-II_Critter01
001933E1,PCM_Nirvana_Nirvana-II_Critter02
001C50E3,PCM_Oborum-Prime_Oborum-I_Critter01
001C50E2,PCM_Oborum-Prime_Oborum-I_Critter02
00131CDA,PCM_Oborum-Prime_Oborum-I_Critter03_Floater
001C7DFE,PCM_Olympus_Nesoi_Critter01
00196BAF,PCM_Porrima_Porrima-III_Critter01
194895,PCM_Porrima_Porrima-II_Critter01
001C334A,PCM_Porrima_Porrima-IV-c_Critter01
001C9AC9,PCM_Porrima_Porrima-IV-c_Critter02_Floater
001C2FC1,PCM_Procyon-A_Procyon-III_Critter01
001C2FC0,PCM_Procyon-A_Procyon-III_Critter02_Floater
001C2AE0,PCM_Proxima-Ternion_Proxima-Ternion-III_Critter01
001C1F6E,PCM_Proxima-Ternion_Proxima-Ternion-IV_Critter01
001A94DB,PCM_Pyraas_Pyraas-II_Critter01
001A94DA,PCM_Pyraas_Pyraas-II_Critter02
00046C2D,PCM_Pyraas_Pyraas-II_Critter03
001C0682,PCM_Rana_Rana-III_Critter01
001C9ACC,PCM_Rana_Rana-III_Critter02_Floater
001BFE8F,PCM_Rana_Rana-IV_Critter01
001BB060,PCM_Rivera_Rivera-I_Critter01
001BB05F,PCM_Rivera_Rivera-I_Critter02
001B1743,PCM_Rutherford_Rutherford-III_Critter01
001B1742,PCM_Rutherford_Rutherford-III_Critter02
001A8384,PCM_Schrodinger_Schrodinger-III_Critter01
001A8382,PCM_Schrodinger_Schrodinger-III_Critter02
003CB234,PCM_Schrodinger_Schrodinger-III_Critter03_Flyer
001C48CA,PCM_Schrodinger_Schrodinger-IV_Critter01
001C3D04,PCM_Schrodinger_Schrodinger-VIII-a_Critter01
001C23F7,PCM_Serpentis_Serpentis-III_Critter01
001C23FC,PCM_Serpentis_Serpentis-II_Critter01
001A7EAE,PCM_Serpentis_Serpentis-IV_Critter01
001A7EAD,PCM_Serpentis_Serpentis-IV_Critter02
001A7EAC,PCM_Serpentis_Serpentis-IV_Critter03
003CB237,PCM_Serpentis_Serpentis-IV_Critter04_Flyer
001A9998,PCM_Shoza_Shoza-III_Critter01
001A9997,PCM_Shoza_Shoza-III_Critter02
001A9996,PCM_Shoza_Shoza-III_Critter03
001A99A1,PCM_Shoza_Shoza-II_Critter01
001A99A0,PCM_Shoza_Shoza-II_Critter02
001A999F,PCM_Shoza_Shoza-II_Critter03
001C0F2D,PCM_Shoza_Shoza-IV_Critter01
001C0F2A,PCM_Sparta_Sparta-III_Critter01
001BB95D,PCM_Sparta_Sparta-IV_Critter01
001BB95C,PCM_Sparta_Sparta-IV_Critter02
001A6348,PCM_Strix_Strix-I_Critter01
001A6347,PCM_Strix_Strix-I_Critter02
001B70D8,PCM_Syrma_Syrma-III_Critter01
001B70D5,PCM_Syrma_Syrma-IV_Critter01
001B4E75,PCM_Syrma_Syrma-VII-A_Critter01
0019CDA2,PCM_Tau-Ceti_Tau-Ceti-II_Critter01
001B4C04,PCM_Tau-Ceti_Tau-Ceti-VIII-B_Critter01
001B4C03,PCM_Tau-Ceti_Tau-Ceti-VIII-B_Critter02
00221DC2,PCM_Tau-Ceti_Tau-Ceti-VIII-B_Critter03_Flyer
001B159F,PCM_Tidacha_Tidacha-I_Critter01
001B159E,PCM_Tidacha_Tidacha-I_Critter02
00221DC3,PCM_Tidacha_Tidacha-I_Critter03_Flyer
000285D7,PCM_Toliman_Toliman-II_Critter01
003CB239,PCM_Toliman_Toliman-II_Critter02_Flyer
001A903E,PCM_Ursae-Majoris_Ursa-Major-II_Critter01
001A903D,PCM_Ursae-Majoris_Ursa-Major-II_Critter02
001B064A,PCM_Ursae-Minoris_Ursa-Minor-II_Critter01
00221DC4,PCM_Ursae-Minoris_Ursa-Minor-II_Critter02_Floater
195353,PCM_Valo_Polvo_Critter01
001B0645,PCM_Vega_Vega-II-C_Critter01
001B0637,PCM_Vega_Vega-II-C_Critter02
00221DC7,PCM_Vega_Vega-II-C_Critter03_Flyer
001B034E,PCM_Verne_Verne-II_Critter01
001B034D,PCM_Verne_Verne-II_Critter02
001BE894,PCM_Volii_Volii-Epsilon_Critter01
001A903A,PCM_Xi-Ophiuchi_Xi-Ophiuchi-VIII-b_Critter01
001A8FC8,PCM_Zelazny_Zelazny-III_Critter01
001A8FC7,PCM_Zelazny_Zelazny-III_Critter02
001A8FC6,PCM_Zelazny_Zelazny-III_Critter03
00131CD3,PCM_Zelazny_Zelazny-III_Critter04_Flyer
001A7670,PCM_Zelazny_Zelazny-II_Critter01
001A766F,PCM_Zelazny_Zelazny-II_Critter02
001A7F78,PCM_Zeta-Ophiuchi_Zeta-Ophiuchi-I_Critter01
001A7F77,PCM_Zeta-Ophiuchi_Zeta-Ophiuchi-I_Critter02
001B0519,PCM_Zosma_Zosma-V-a_Critter01
003AD1F9,PCM_Zosma_Zosma-V-a_Critter02
