001ED14D,PCM_Al-Battani_Al-Battani-II_Predator01
001ED14C,PCM_Al-Battani_Al-Battani-II_Predator02
001EDF4F,PCM_Algorab_Algorab-III-B_Predator01
001EE892,PCM_Algorab_Algorab-II_Predator01
0019AA68,PCM_Alpha-Centauri_Gagarin_Predator01
0019AA67,PCM_Alpha-Centauri_Gagarin_Predator02
0019E858,PCM_Alpha-Centauri_Gagarin_Predator03_Swimmer
0019B89F,PCM_Alpha-Centauri_Jemison_Predator01
0019B89E,PCM_Alpha-Centauri_Jemison_Predator02
0019B89D,PCM_Alpha-Centauri_Jemison_Predator03
00048A34,PCM_Alpha-Centauri_Jemison_Predator04
001A6178,PCM_Alpha-Ternion_Ternion-III_Predator01
001A6177,PCM_Alpha-Ternion_Ternion-III_Predator02
001A6176,PCM_Alpha-Ternion_Ternion-III_Predator03
001B15AD,PCM_Alpha-Tirna_Tirna-II_Predator01
001B15AC,PCM_Alpha-Tirna_Tirna-II_Predator02
001B15A7,PCM_Alpha-Tirna_Tirna-VIII-C_Predator01
00221DC6,PCM_Alpha-Tirna_Tirna-VIII-C_Predator02_Swimmer
001B159B,PCM_Alpha-Tirna_Tirna-X-A_Predator01
001F0056,PCM_AlphaAndraste_AlphaAndrasteIII_Predator01_TankBeetle
001EF5E8,PCM_AlphaAndraste_AlphaAndrasteIII_Predator02
001EF5E7,PCM_AlphaAndraste_AlphaAndrasteIII_Predator03
001EF5E6,PCM_AlphaAndraste_AlphaAndrasteIII_Predator04
001ECFDA,PCM_Altair-II_Predator01
00025A9E,PCM_Altair-II_Predator02
001EA2AF,PCM_Andromas_Andromas-II_Predator01
001EA2AD,PCM_Andromas_Andromas-II_Predator02
001EA0D8,PCM_Aranae_Aranae-I_Predator01
001E757F,PCM_Archimedes_Archimedes-III_Predator01
001E757E,PCM_Archimedes_Archimedes-III_Predator02
001E7E88,PCM_Archimedes_Archimedes-II_Predator01
001E7E87,PCM_Archimedes_Archimedes-II_Predator02
001E7104,PCM_Archimedes_Archimedes-V-a_Predator01
001E7103,PCM_Archimedes_Archimedes-V-a_Predator02
001E7102,PCM_Archimedes_Archimedes-V-a_Predator03
001E7101,PCM_Archimedes_Archimedes-V-a_Predator04
001E668B,PCM_Arcturus_Arcturus-II_Predator01
001E4E98,PCM_Bannoc-Prime_Bannoc-Prime-II_Predator01
001E29A4,PCM_Bara_Bara-III_Predator01
001E29A3,PCM_Bara_Bara-III_Predator02
001AF644,PCM_Bardeen_Bardeen-III_Predator01
001AF643,PCM_Bardeen_Bardeen-III_Predator02
001AF642,PCM_Bardeen_Bardeen-III_Predator03
001E293E,PCM_Bardeen_Bardeen-V-c_Predator01
001EE897,PCM_Bel_BelII_PredatorA
001F0057,PCM_Bel_BelI_PredatorA
001EF059,PCM_Bel_BelI_PredatorB
001EF058,PCM_Bel_BelI_PredatorC
001E46F8,PCM_Beta-Andraste_Beta-Andraste-I-a_Predator01
001AE4E8,PCM_Beta-Marae_Beta-Marae-I_Predator01
001AE4E7,PCM_Beta-Marae_Beta-Marae-I_Predator02
001B30A4,PCM_Beta-Marae_Beta-Marae-I_Predator02INSTANCE_FakeCombat
001AE4E6,PCM_Beta-Marae_Beta-Marae-I_Predator03
001E4F60,PCM_BetaTernion_BetaTernionIII_PredatorA
001E6686,PCM_BetaTernion_BetaTernionII_PredatorA
001E6684,PCM_BetaTernion_BetaTernionII_PredatorB
001E6687,PCM_BetaTernion_BetaTernionII_PredatorC
001E70F1,PCM_BetaTernion_BetaTernionI_PredatorA
001E46C2,PCM_Bohr_BohrII_PredatorA
001E468C,PCM_Bolivar_BolivarI_PredatorA
001E2AC5,PCM_Bradbury_Bradbury-III_Predator01
001E2AC4,PCM_Bradbury_Bradbury-III_Predator02
001E280A,PCM_Bradbury_Bradbury-IV_Predator01
001EE81C,PCM_Celebrai_Celebrai-II_Predator01
001EE81B,PCM_Celebrai_Celebrai-II_Predator02
001EC785,PCM_Charybdis_CharybdisIII_PredatorA
001EC784,PCM_Charybdis_CharybdisIII_PredatorB
001EC786,PCM_Charybdis_CharybdisIII_PredatorC_Swimmer
0002E343,PCM_Charybdis_CharybdisII_PredatorA
0002E347,PCM_Charybdis_CharybdisII_PredatorB
0002E348,PCM_Charybdis_CharybdisII_PredatorC
0002E349,PCM_Charybdis_CharybdisII_PredatorD
001EC763,PCM_Cheyenne_Codos_PredatorA
00197D44,PCM_Cheyenne_Montara-Luna_Predator01
00197D43,PCM_Cheyenne_Montara-Luna_Predator02
001E7423,PCM_CopernicusMinor_CopernicusMinor_I_a_PredatorA
001E7BA8,PCM_Copernicus_CopernicusIII_PredatorA
001E7E71,PCM_Copernicus_CopernicusII_PredatorA
001E7E70,PCM_Copernicus_CopernicusII_PredatorB
001E798E,PCM_Copernicus_CopernicusIV_PredatorA
001E81A6,PCM_Decaran_Decaran-I_Predator01
001C718D,PCM_Delta-Pavonis_Magnar_Predator01
001C718C,PCM_Delta-Pavonis_Magnar_Predator02
001C7189,PCM_Delta-Pavonis_Magnar_Predator03
001E3F38,PCM_DeltaVulpes_DeltaVulpesVc_PredatorA
001E2997,PCM_Denebola_Denebola_I_b_PredatorA
001E2617,PCM_Enlil_EnlilII_PredatorA
001E2616,PCM_Enlil_EnlilII_PredatorB
001E2949,PCM_Enlil_Enlil_I_a_PredatorA
001E07C2,PCM_Eridani_Eridani-II_PredatorA
001E07C1,PCM_Eridani_Eridani-II_PredatorB
001E08F6,PCM_Eridani_Eridani-IV_PredatorA
001791AE,PCM_Eta-Cassiopeia_Cassiopeia-I_Predator01
00170A43,PCM_Eta-Cassiopeia_Cassiopeia-I_Predator02
00051BDA,PCM_Eta-Cassiopeia_Cassiopeia-I_Predator02_Boss
00170A2A,PCM_Eta-Cassiopeia_Cassiopeia-I_Predator03
001DF887,PCM_Eta-Cassiopeia_Eta-Cassiopeia-IV-a_Predator01
001E07AB,PCM_Fermi_Fermi-III_PredatorA
001E07A6,PCM_Fermi_Fermi-III_PredatorB
001DF843,PCM_Fermi_Fermi-VII-a_PredatorA
001DDAED,PCM_Feynman_Feynman-III_PredatorA
001DDAEC,PCM_Feynman_Feynman-III_PredatorB
001DCAF0,PCM_Feynman_Feynman-IV_PredatorA
001DF4F8,PCM_Feynman_Feynman-I_PredatorA_Crag_Sprinter
001DCAED,PCM_Foucault_Foucault-II_PredatorA
001D9529,PCM_Freya_Freya-IX-b_PredatorA
001D8722,PCM_Gamma-Vulpes_Gamma-Vulpes-II-a_PredatorA
001D8721,PCM_Gamma-Vulpes_Gamma-Vulpes-II-a_PredatorB
001D947E,PCM_Gamma-Vulpes_Gamma-Vulpes-I_PredatorA
001D947D,PCM_Gamma-Vulpes_Gamma-Vulpes-I_PredatorB
001DE411,PCM_Groombridge_Groombridge-VIII-a_Predator01
001DE410,PCM_Groombridge_Groombridge-VIII-a_Predator02
001DC4AE,PCM_Guniibuu_Guniibuu-II_Predator01
001DC4AD,PCM_Guniibuu_Guniibuu-II_Predator02
001DBCE6,PCM_Guniibuu_Guniibuu-VI-b_Predator01
001AD193,PCM_Hawking_Hawking-I_Predator01
001AD192,PCM_Hawking_Hawking-I_Predator02
001AD191,PCM_Hawking_Hawking-I_Predator03
001D871C,PCM_Heinlein_Heinlein-IV-b_Predator01
001D8425,PCM_Heinlein_Heinlein-VI-a_Predator01
001D7BF0,PCM_Heisenberg_Heisenberg-II_PredatorA
001D7BEF,PCM_Heisenberg_Heisenberg-II_PredatorB
001DBAEB,PCM_Huygens_Huygens-III_PredatorA
001DBAEA,PCM_Huygens_Huygens-III_PredatorB
001DBAE9,PCM_Huygens_Huygens-III_PredatorC
001D6B80,PCM_Huygens_Huygens-IV_PredatorA
001D6B6F,PCM_Huygens_Huygens-VII-b_PredatorA
001D5AA3,PCM_Hyla_Hyla-II_Predator01
001D5AA1,PCM_Hyla_Hyla-II_Predator02
001D07E8,PCM_Indum_Indum-II_Predator01
001D0770,PCM_Ixyll_Ixyll-III-b_Predator01
001D076C,PCM_Ixyll_Ixyll-III-b_Predator02
001D0785,PCM_Ixyll_Ixyll-II_Predator01
000DD261,PCM_Ixyll_Ixyll-II_Predator02
000EF9A8,PCM_Ixyll_Ixyll-II_Predator03
001D0732,PCM_Jaffa_Jaffa-III_Predator01
001D0719,PCM_Jaffa_Jaffa-III_Predator02
001D0738,PCM_Jaffa_Jaffa-II_Predator01
001D9DB3,PCM_Jaffa_Jaffa-IV_Predator01
001D9DB2,PCM_Jaffa_Jaffa-IV_Predator02
001D952D,PCM_Kang_Kang-III_Predator01
001D952C,PCM_Kang_Kang-III_Predator02
001D952B,PCM_Kang_Kang-III_Predator03
001D7BC4,PCM_Katydid_Katydid-I-a_Predator01
001D5F3A,PCM_Khayyam_Khayyam-II_Predator01
001D5F39,PCM_Khayyam_Khayyam-II_Predator02
001D5A30,PCM_Khayyam_Khayyam-II_Predator03
001CBC8C,PCM_Kryx_Neebas_Predator01
001D513A,PCM_Kumasi_Kumasi-III_Predator01
001AA113,PCM_Kumasi_Kumasi-II_Predator01
001AA112,PCM_Kumasi_Kumasi-II_Predator02
001AA111,PCM_Kumasi_Kumasi-II_Predator03
00157E3D,PCM_Kumasi_Kumasi-I_Predator01
00157E3E,PCM_Kumasi_Kumasi-I_Predator02
00157E3F,PCM_Kumasi_Kumasi-I_Predator03
001D50E6,PCM_Lantana_Lantana-III_Predator01
001D50E5,PCM_Lantana_Lantana-III_Predator02
001D50E2,PCM_Lantana_Lantana-III_Predator03
001D3D1F,PCM_Lantana_Lantana-IV_Predator01
001D2FA6,PCM_Leonis_Leonis-III_Predator01
001D2FA5,PCM_Leonis_Leonis-III_Predator02
001CF575,PCM_Leonis_Leonis-IV_Predator01
001CF574,PCM_Leonis_Leonis-IV_Predator02
001CF18F,PCM_Leonis_Leonis-V_Predator01
001CBCB1,PCM_Leviathan_Leviathan-IV_Predator01
001B0049,PCM_Lunara_Vesta_Predator01
001B0048,PCM_Lunara_Vesta_Predator02
001C80FF,PCM_Maal_Maal-IV_Predator01
001C801E,PCM_Maal_Maal-IX-b_Predator01
001C7406,PCM_Maal_Maal-V_Predator01
001C7405,PCM_Maal_Maal-V_Predator02
001A9C86,PCM_Marduk_Marduk-IV_Predator01
001A9C85,PCM_Marduk_Marduk-IV_Predator02
001A9C84,PCM_Marduk_Marduk-IV_Predator03
00131CD1,PCM_Marduk_Marduk-IV_Predator04_Swimmer
001B218C,PCM_Masada_Masada-III_Predator01
001B218B,PCM_Masada_Masada-III_Predator02
001C6943,PCM_McClure_McClure-II_Predator01
001C48F2,PCM_Moloch_Moloch-II_Predator01
001C48F1,PCM_Moloch_Moloch-II_Predator02
001C48F0,PCM_Moloch_Moloch-II_Predator03
001D070A,PCM_Muphrid_Muphrid-IV_Predator01
001D0709,PCM_Muphrid_Muphrid-IV_Predator02
001D065D,PCM_Muphrid_Muphrid-V-B_Predator01
001F3E89,PCM_Narion_Kreet_StalkerPredatorA
196519,PCM_Narion_Niira_Predator01
001BAC24,PCM_Narion_Sumati_Predator01
001CB793,PCM_Nemeria_Nemeria-II_Predator01
001C7E07,PCM_Nemeria_Nemeria-IV-a_Predator01
001C6946,PCM_Newton_Newton-III_Predator01
001C694D,PCM_Newton_Newton-II_Predator01
001C694C,PCM_Newton_Newton-II_Predator02
0037CEF4,PCM_Newton_Newton-II_Predator03_Swimmer
0019B1FE,PCM_Nirah_Kazaal_Predator01
0019B1FD,PCM_Nirah_Kazaal_Predator02
001933E6,PCM_Nirvana_Nirvana-II_Predator01
001933E5,PCM_Nirvana_Nirvana-II_Predator02
00131CD8,PCM_Nirvana_Nirvana-II_Predator03_Swimmer
001C50E6,PCM_Oborum-Prime_Oborum-I_Predator01
001C48CE,PCM_Oborum-Prime_Oborum-I_Predator02
001C7E04,PCM_Olympus_Nesoi_Predator01
001C7E03,PCM_Olympus_Nesoi_Predator02
001C7E02,PCM_Olympus_Nesoi_Predator03
001C48D2,PCM_Piazzi_Piazzi-IV-c_Predator01
001C48D1,PCM_Piazzi_Piazzi-IV-c_Predator02
001C48CF,PCM_Piazzi_Piazzi-IV-c_Predator03
00196BB2,PCM_Porrima_Porrima-III_Predator01
0019489A,PCM_Porrima_Porrima-II_Predator01_Flyer
194899,PCM_Porrima_Porrima-II_Predator02_Swimmer
001C334C,PCM_Porrima_Porrima-IV-c_Predator01
001C2FC7,PCM_Procyon-A_Procyon-III_Predator01
001C2FC6,PCM_Procyon-A_Procyon-III_Predator02
001C2FC5,PCM_Procyon-A_Procyon-III_Predator03
001C9ACA,PCM_Procyon-A_Procyon-III_Predator04_Swimmer
001C2AE4,PCM_Proxima-Ternion_Proxima-Ternion-III_Predator01
001C2AE3,PCM_Proxima-Ternion_Proxima-Ternion-III_Predator02
001C1F6F,PCM_Proxima-Ternion_Proxima-Ternion-IV_Predator01
001A94E1,PCM_Pyraas_Pyraas-II_Predator01
001A94E0,PCM_Pyraas_Pyraas-II_Predator02
001A94DF,PCM_Pyraas_Pyraas-II_Predator03
001C15F3,PCM_Pyraas_Pyraas-VIII-a_Predator01
001C0681,PCM_Rana_Rana-III_Predator01
001C0680,PCM_Rana_Rana-III_Predator02
001C067F,PCM_Rana_Rana-III_Predator03
001BFE92,PCM_Rana_Rana-IV_Predator01
001BFE90,PCM_Rana_Rana-IV_Predator02
001BEE10,PCM_Rana_Rana-VI-a_Predator01
001BEE0F,PCM_Rana_Rana-VI-a_Predator02
001BEAD7,PCM_Rasalhague_Rasalhague-II_Predator01
001BB064,PCM_Rivera_Rivera-I_Predator01
001BB063,PCM_Rivera_Rivera-I_Predator02
001BB062,PCM_Rivera_Rivera-I_Predator03
001BB061,PCM_Rivera_Rivera-I_Predator04
001B1DEA,PCM_Rutherford_Rutherford-III_Predator01
001B1DE9,PCM_Rutherford_Rutherford-III_Predator02
001A9C67,PCM_Sakharov_Asteroid_PredatorA
001A8392,PCM_Schrodinger_Schrodinger-III_Predator01
001A838F,PCM_Schrodinger_Schrodinger-III_Predator02
001A838E,PCM_Schrodinger_Schrodinger-III_Predator03
001C48CC,PCM_Schrodinger_Schrodinger-IV_Predator01
001C43D7,PCM_Schrodinger_Schrodinger-VIII-a_Predator01
001C23FB,PCM_Serpentis_Serpentis-III_Predator01
001C23FE,PCM_Serpentis_Serpentis-II_Predator01
001A7EB7,PCM_Serpentis_Serpentis-IV_Predator01
001A7EB6,PCM_Serpentis_Serpentis-IV_Predator02
001A7EB5,PCM_Serpentis_Serpentis-IV_Predator03
001A999E,PCM_Shoza_Shoza-III_Predator01
001A999D,PCM_Shoza_Shoza-III_Predator02
001A999C,PCM_Shoza_Shoza-III_Predator03
001A9ACA,PCM_Shoza_Shoza-II_Predator01
001A99A6,PCM_Shoza_Shoza-II_Predator02
001A99A5,PCM_Shoza_Shoza-II_Predator03
001C0F2F,PCM_Shoza_Shoza-IV_Predator01
001C0F2C,PCM_Sparta_Sparta-III_Predator01
001BB961,PCM_Sparta_Sparta-IV_Predator01
001BB960,PCM_Sparta_Sparta-IV_Predator02
001A634E,PCM_Strix_Strix-I_Predator01
001A634D,PCM_Strix_Strix-I_Predator02
001A634C,PCM_Strix_Strix-I_Predator03
001B70DA,PCM_Syrma_Syrma-III_Predator01
001B70D7,PCM_Syrma_Syrma-IV_Predator01
00221DC0,PCM_Syrma_Syrma-IV_Predator02_Swimmer
001B4E77,PCM_Syrma_Syrma-VII-A_Predator01
0019CDA5,PCM_Tau-Ceti_Tau-Ceti-II_Predator01
001B4C08,PCM_Tau-Ceti_Tau-Ceti-VIII-B_Predator01
001B4C07,PCM_Tau-Ceti_Tau-Ceti-VIII-B_Predator02
001B15A3,PCM_Tidacha_Tidacha-I_Predator01
001B15A2,PCM_Tidacha_Tidacha-I_Predator02
001933E0,PCM_Toliman_Toliman-II_Predator01
001933DF,PCM_Toliman_Toliman-II_Predator02
001A9044,PCM_Ursae-Majoris_Ursa-Major-II_Predator01
001A9043,PCM_Ursae-Majoris_Ursa-Major-II_Predator02
001A9042,PCM_Ursae-Majoris_Ursa-Major-II_Predator03
001B0650,PCM_Ursae-Minoris_Ursa-Minor-II_Predator01
195358,PCM_Valo_Polvo_Predator01
195357,PCM_Valo_Polvo_Predator02
00131CDC,PCM_Valo_Polvo_Predator03_Swimmer
001B0649,PCM_Vega_Vega-II-C_Predator01
001B0648,PCM_Vega_Vega-II-C_Predator02
001B0352,PCM_Verne_Verne-II_Predator01
001B0351,PCM_Verne_Verne-II_Predator02
194837,PCM_Volii_Volii-Alpha_Predator01
001A903C,PCM_Xi-Ophiuchi_Xi-Ophiuchi-VIII-b_Predator01
00221DCA,PCM_Xi-Ophiuchi_Xi-Ophiuchi-VIII-b_Predator02_Swimmer
001A8FCF,PCM_Zelazny_Zelazny-III_Predator01
001A8FCE,PCM_Zelazny_Zelazny-III_Predator02
001A8FCD,PCM_Zelazny_Zelazny-III_Predator03
001A7678,PCM_Zelazny_Zelazny-II_Predator01
001A7677,PCM_Zelazny_Zelazny-II_Predator02
001A7676,PCM_Zelazny_Zelazny-II_Predator03
001A7675,PCM_Zelazny_Zelazny-II_Predator04
001A7F7E,PCM_Zeta-Ophiuchi_Zeta-Ophiuchi-I_Predator01
001A7F7D,PCM_Zeta-Ophiuchi_Zeta-Ophiuchi-I_Predator02
001A7F7C,PCM_Zeta-Ophiuchi_Zeta-Ophiuchi-I_Predator03
00221DCC,PCM_Zeta-Ophiuchi_Zeta-Ophiuchi-I_Predator04_Swimmer
001B0677,PCM_Zeta-Ophiuchi_Zeta-Ophiuchi-VI-a_Predator01
001B051D,PCM_Zosma_Zosma-V-a_Predator01
003AD1FA,PCM_Zosma_Zosma-V-a_Predator02
