ArchipelagoLife01,000FD012
ArchipelagoLife02,000FD00F
ArchipelagoLife03,000FD010
ArchipelagoLife04,000FD015
ArchipelagoLife05,000F1F0D
ArchipelagoLife06,000F1F17
ArchipelagoLife07,000F1F16
ArchipelagoLife08,000F1F15
ArchipelagoLife09,000F1F14
ArchipelagoLife10,000F1F13
ArchipelagoLife11,002E54C9
ArchipelagoLifeErvinsCamp,000D0A64
ArchipelagoLifeMarcoGraziani,00236EA3
ArchipelagoNoLife01,000FD011
ArchipelagoNoLife02,000FD013
ArchipelagoNoLife03,000FD014
ArchipelagoNoLife04,000F1F0B
ArchipelagoNoLife05,000F1F0E
ArchipelagoNoLife06,000F1F12
ArchipelagoNoLife07,000F1F11
ArchipelagoNoLife08,000F1F10
ArchipelagoNoLife09,000F1F0C
ArchipelagoNoLife10,000F1F0F
CanyonsLife01,0025D993
CanyonsLife02,214968
CanyonsLife03,0014805D
CanyonsLife04,148064
CanyonsLife05,148063
CanyonsLife06,0014544F
CanyonsLife07,0014544E
CanyonsLife08,145442
CanyonsLife09,0012D955
CanyonsLife10,00110FCC
CanyonsLifeExtreme,00285AF9
CanyonsNoLife01,0025D992
CanyonsNoLife02,00216D45
CanyonsNoLife03,211529
CanyonsNoLife04,148062
CanyonsNoLife05,148061
CanyonsNoLife06,145440
CanyonsNoLife07,0011BCD2
CanyonsNoLife08,00110D5C
CanyonsNoLife09,000E869D
CanyonsNoLife10,0011BCD3
CrateredLife01,00215CC3
CrateredLife02,00215CC1
CrateredLife03,187464
CrateredLife04,187463
CrateredLife05,001862BE
CrateredLife06,001862BD
CrateredLife07,003EA2FC
CrateredLife08,003EA2FD
CrateredLife09,003EA2FA
CrateredLife10,003EA2FB
CrateredLifeExtreme,0021040D
CrateredNoLife01,0025F490
CrateredNoLife02,00216D44
CrateredNoLife03,000A86DC
CrateredNoLife04,00215CC2
CrateredNoLife05,001862C0
CrateredNoLife06,001862BF
CrateredNoLife07,000C571B
CrateredNoLife08,000C571A
CrateredNoLife09,000C5719
CrateredNoLife10,000C5718
CrateredNoLife11,000C5717
CrateredNoLife12,000C5716
CrateredNoLife13,000C5714
CrateredNoLifeLuna,001DDF39
CrateredNoLifeVectera,0021615C
DesertRockyLife01,002ACD5A
DesertRockyLife02,002CE508
DesertRockyLife03,002C998E
DesertRockyLife04,001A540E
DesertRockyLife05,001A540F
DesertRockyLife06,00024FC4
DesertRockyLife07,000E37DB
DesertRockyLife08,000E37DA
DesertRockyLife09,000E37D9
DesertRockyLife10,000E37D8
DesertRockyLife11,000E37D7
DesertRockyLifeExtreme,00285AFB
DesertRockyLifeGagarin,101646
DesertRockyNoLife01,000A86DD
DesertRockyNoLife02,001D1D92
DesertRockyNoLife03,001A540B
DesertRockyNoLife04,001A5410
DesertRockyNoLife05,001A540D
DesertRockyNoLife06,0011445C
DesertRockyNoLife07,000E66B1
DesertRockyNoLife08,000E66B0
DesertRockyNoLife09,000E66AF
DesertRockyNoLife10,000E66AE
DesertRockyNoLifeMars,002A3777
DesertRockyNoLifeVectera,002CE509
DesertRockyNoLifeVenus,0004E681
DesertSandyLife01,002ACD5B
DesertSandyLife02,002CE506
DesertSandyLife03,001A2F16
DesertSandyLife04,0019E82A
DesertSandyLife05,0019E809
DesertSandyLife06,0014C1DD
DesertSandyLife07,0014C1D5
DesertSandyLife08,0014C1D4
DesertSandyLife09,0014C1C3
DesertSandyLife10,0014C01B
DesertSandyLife11,95092
DesertSandyLife12,002DCDD4
DesertSandyLifeExtreme,00285AFD
DesertSandyNoLife01,002CE507
DesertSandyNoLife02,002C998D
DesertSandyNoLife03,001A2F12
DesertSandyNoLife04,001A23C7
DesertSandyNoLife05,0019E808
DesertSandyNoLife06,0014C01A
DesertSandyNoLife07,0014C019
DesertSandyNoLife08,0014C018
DesertSandyNoLife09,0014C017
DesertSandyNoLife10,0014C016
DesertSandyNoLife11,00336CC7
DesertSandyNoLifeEarth,000F1169
ForestConiferousLife01,0029434E
ForestConiferousLife02,294333
ForestConiferousLife03,294334
ForestConiferousLife04,294332
ForestConiferousLife05,0017B85D
ForestConiferousLife06,0017B85C
ForestConiferousLife07,0017B85B
ForestConiferousLife08,0017B85A
ForestConiferousLife09,0017B859
ForestConiferousLife10,0017B858
ForestConiferousLife11,0012B464
ForestConiferousLife12,0012B463
ForestConiferousLife13,00203E9F
ForestConiferousLife14,116484
ForestConiferousLife15,116483
ForestConiferousLife16,116482
ForestConiferousLife17,0011647E
ForestConiferousLife18,0011647D
ForestConiferousLife19,0011647C
ForestConiferousLife20,0011647B
ForestConiferousLife21,0011647A
ForestConiferousLife22,116479
ForestConiferousLife23,116478
ForestConiferousLife24,116477
ForestConiferousLife25,116476
ForestConiferousLife26,001160F5
ForestConiferousLife27,001160F4
ForestConiferousLife28,001160F3
ForestConiferousLife29,001160F2
ForestConiferousLife30,001160F1
ForestConiferousLife31,001160F0
ForestConiferousLife32,001160EF
ForestConiferousLife33,001160EE
ForestConiferousLife34,001160ED
ForestConiferousLife35,001160EC
ForestDeciduousLife01,002CE505
ForestDeciduousLife02,0028ACD0
ForestDeciduousLife03,0028ACD1
ForestDeciduousLife04,00263FE8
ForestDeciduousLife05,0011F988
ForestDeciduousLife06,0011F987
ForestDeciduousLife07,0011F986
ForestDeciduousLife08,0011F985
ForestDeciduousLife09,0011F984
ForestDeciduousLife10,0011F983
ForestDeciduousLife11,0011F982
ForestDeciduousLife12,0011F981
ForestDeciduousLife13,0011F980
ForestDeciduousLife14,0011F97F
ForestDeciduousLife15,0011F97E
ForestDeciduousLife16,0011F92B
ForestDeciduousLife17,0011F92A
ForestDeciduousLife18,0011F929
ForestDeciduousLife19,0011F928
ForestDeciduousLife20,0011F927
ForestDeciduousLife21,0011F926
ForestDeciduousLife22,0011F925
ForestDeciduousLife23,0011F924
ForestDeciduousLife24,0011F923
ForestDeciduousLife25,0011F922
ForestDeciduousLife26,0007EF0F
ForestDeciduousLifeJemison,001CBD6A
ForestDeciduousLifePlayerHouse,002DEAC4
ForestTropicalLife01,0025FC04
ForestTropicalLife02,0025F387
ForestTropicalLife03,0025F375
ForestTropicalLife04,00211C5F
ForestTropicalLife05,0020E381
ForestTropicalLife06,0020D0F3
ForestTropicalLife07,00190B9A
ForestTropicalLife08,00190B99
ForestTropicalLife09,00190B98
ForestTropicalLife10,00190B97
ForestTropicalLife11,190137
ForestTropicalLife12,190136
ForestTropicalLife13,190135
ForestTropicalLife14,190134
ForestTropicalLife15,190133
ForestTropicalLife16,190132
ForestTropicalLife17,190131
ForestTropicalLife18,0018FE1A
ForestTropicalLife19,0018F249
ForestTropicalLife20,0018E65A
ForestTropicalLife21,0018E3C8
ForestTropicalLife22,001217BE
ForestTropicalLife23,001217BD
ForestTropicalLife24,001217BC
ForestTropicalLife25,001217BB
ForestTropicalLifeFirstsHideout,00110FCA
ForestTropicalLifeParadiso,00110FCB
FrozenLife01,00134B6A
FrozenLife02,124044
FrozenLife03,000FD6F7
FrozenLife04,000FD6F6
FrozenLife05,000FD6F5
FrozenLife06,000FD00E
FrozenLife07,000FD00D
FrozenLife08,000FD00C
FrozenLife09,000FD00B
FrozenLife10,000FD00A
FrozenLife11,000A86D9
FrozenLife12,0008DFF9
FrozenLifeExtreme,00285AFA
FrozenLifeKreet,000D9BAC
FrozenLifeLondinion,0001CA06
FrozenLifeNiira,000B2D7C
FrozenLifeRedMile,001C068A
FrozenNoLife01,000FC620
FrozenNoLife02,000FC61F
FrozenNoLife03,000FC61E
FrozenNoLife04,000A86DB
FrozenNoLife05,000FC61A
FrozenNoLife06,000FC619
FrozenNoLife07,000FC618
FrozenNoLife08,000FC617
FrozenNoLife09,000FC61C
FrozenNoLife10,000FC61B
FrozenNoLife11,000C5715
FrozenNoLifeEarth,0028791F
FrozenNoLifeMars,84000000000000
FrozenNoLifeMasadaIII,100515
FrozenNoLifeTitan,000F3D3A
FrozenNoLifeVectera,000FC61D
Gas_Giant_Template,0017B861
HillsLife01,0025F48C
HillsLife02,215098
HillsLife03,215097
HillsLife04,00214F1A
HillsLife05,214969
HillsLife06,212132
HillsLife07,212131
HillsLife08,214810
HillsLife09,0010EC58
HillsLife10,0010EC57
HillsLife11,0010EC56
HillsLife12,0010EC55
HillsLife13,0008AE77
HillsLife14,000414BB
HillsLife15,0034980C
HillsLife16,001886D0
HillsLife17,001886D2
HillsLife18,001886D3
HillsLife19,003D673C
HillsLife20,003D673D
HillsLife21,003D673E
HillsLife22,003D673F
HillsLife23,003D6740
HillsLife24,003D6741
HillsLife25,003D6742
HillsLifeExtreme,00285AFC
HillsLifeNiira,000B2D7D
HillsLifeTauGourmet,37935
HillsNoLife01,0025F48B
HillsNoLife02,212941
HillsNoLife03,001160EB
HillsNoLife04,001160D5
HillsNoLife05,001160EA
HillsNoLife06,001160DB
HillsNoLife07,001160DA
HillsNoLife08,001160D9
HillsNoLife09,001160D8
HillsNoLife10,1160000
HillsNoLife11,116000
HillsNoLife12,11600
HillsNoLife13,1160
HillsNoLife14,001160DF
HillsNoLife15,001160DE
HillsNoLife16,1160000000
HillsNoLife17,116000000
HillsNoLife18,11600000
HillsNoLife19,1160000000000
HillsNoLife20,116000000000
HillsNoLife21,11600000000
HillsNoLife22,001160DD
HillsNoLife23,001160DC
HillsNoLife24,001160D7
HillsNoLife25,001160D6
HillsNoLifeVenus,0004E650
MountainsLife01,0026BB6A
MountainsLife02,0026B3F2
MountainsLife03,002636BA
MountainsLife04,002636B9
MountainsLife05,000A86DA
MountainsLife06,000D9BB1
MountainsLife07,000D9BB0
MountainsLife08,000D9BAF
MountainsLife09,000D9BAE
MountainsLife10,000D9BAD
MountainsLife11,000D1B7C
MountainsLife12,000D1B7B
MountainsLife13,001DFE05
MountainsLife14,001DFE06
MountainsLife15,001DFE07
MountainsLifeExtreme,0021040E
MountainsLifeKreet,0023C0CE
MountainsNoLife01,0026893D
MountainsNoLife02,0026893C
MountainsNoLife03,002636BC
MountainsNoLife04,002636BB
MountainsNoLife05,000D3A1E
MountainsNoLife06,000D3A1D
MountainsNoLife07,000D1B82
MountainsNoLife08,000D1B81
MountainsNoLife09,000D1B7E
MountainsNoLife10,000D1B7D
MountainsNoLife11,000D1B80
MountainsNoLife12,000D1B7F
MountainsNoLife13,001DFDFB
MountainsNoLife14,001DFDD1
MountainsNoLife15,001DFE04
OceanLife01,0007F88B
OceanLife02,0007F887
OceanLife03,0007F888
OceanLife04,0007F88A
OceanLife05,0007F889
OceanLife06,0007D724
OceanLife07,0007D723
OceanLife08,0007D722
OceanLife09,0007D721
OceanLifeVoliiAlpha,00120C76
OceanNoLife01,0007D725
OceanNoLifeMethaneFrozen,94239
OceanNoLifeMethaneLiquid,0009423A
OceanNoLifeNitrogen,000A108C
OceanNoLifeSulfur,0009423B
SavannaLife01,002C998C
SavannaLife02,0029B450
SavannaLife03,002B6352
SavannaLife04,002C17A5
SavannaLife05,0018A8A0
SavannaLife06,0018A89F
SavannaLife07,0018A899
SavannaLife08,0018A89E
SavannaLife09,0018A89D
SavannaLife10,0018A89C
SavannaLife11,0018A89A
SavannaLife12,0018A89B
SavannaLife13,000B2630
SavannaLife14,000B2635
SavannaLife15,000AF3CB
SavannaLife16,000AF3CA
SavannaLife17,003E3ADE
SavannaLife18,003E3ADF
SavannaLife19,003E3AE0
SavannaLife20,003E3AE1
SavannaLifeAkila,00203EA1
SavannaLifeMontaraLuna,003E3ADD
VolcanicRoughLife01,002C9986
VolcanicRoughLife02,000AA382
VolcanicRoughLife03,002C9984
VolcanicRoughLife04,95091
VolcanicRoughLife05,0008DFFA
VolcanicRoughLife06,0008DFFB
VolcanicRoughLife07,0008DFFC
VolcanicRoughLife08,0008DFFD
VolcanicRoughLife09,0008AE7B
VolcanicRoughLife10,0008AE7A
VolcanicRoughLifeExtreme,0021040C
VolcanicRoughLifeKreet,002C9985
VolcanicRoughNoLife01,002C998A
VolcanicRoughNoLife02,95097
VolcanicRoughNoLife03,95096
VolcanicRoughNoLife04,95095
VolcanicRoughNoLife05,95094
VolcanicRoughNoLife06,95093
VolcanicRoughNoLife07,0008A8A7
VolcanicRoughNoLife08,0008A8A6
VolcanicRoughNoLife09,0008A8A5
VolcanicRoughNoLife10,0008A8A4
VolcanicWornLife01,00263FE6
VolcanicWornLife02,00263FE5
VolcanicWornLife03,00263FE4
VolcanicWornLife04,80000
VolcanicWornLife05,0007FFFF
VolcanicWornLife06,0007E2C6
VolcanicWornLife07,001DFDFD
VolcanicWornLife08,001DFDFC
VolcanicWornLife09,001DFDFE
VolcanicWornLife10,001DFDFF
VolcanicWornLifeExtreme,00285AF8
VolcanicWornNoLife01,00263FE7
VolcanicWornNoLife02,80233
VolcanicWornNoLife03,80232
VolcanicWornNoLife04,80231
VolcanicWornNoLife05,0007FFFE
VolcanicWornNoLife06,0007E2C5
VolcanicWornNoLife07,0002E850
VolcanicWornNoLife08,001DFE01
VolcanicWornNoLife09,001DFE02
VolcanicWornNoLife10,001DFE03
WetlandsLife01,001297F2
WetlandsLife02,001297F1
WetlandsLife03,0011B746
WetlandsLife04,0011B745
WetlandsLife05,0011B743
WetlandsLife06,0011B744
WetlandsLife07,001177C6
WetlandsLife08,001177C4
WetlandsLife09,001177C5
WetlandsLife10,001177C7
WetlandsLife11,003E5E43
WetlandsLife12,003FA120
WetlandsLife13,003FA121
WetlandsLifeNiira,000B2D7E
WetlandsNoLife01,002E57E0
WetlandsNoLife02,002E57E1
WetlandsNoLife03,002E57E2
WetlandsNoLife04,002E57E3
WetlandsNoLife05,002E57E4
WetlandsNoLife06,002E57E5
